<web-app>
	<security-constraint>
		<web-resource-collection>
			<web-resource-name>
				Private Resource
			</web-resource-name>
			<url-pattern>/security2.jsp</url-pattern>
			<http-method>GET</http-method>
		</web-resource-collection>
		<auth-constraint>
			<description>
			</description>
			<role-name>role1</role-name>
		</auth-constraint>
	</security-constraint>
	<security-role>
		<role-name>role1</role-name>
	</security-role>
	<login-config>
		  
		<auth-method>FORM</auth-method>
		  
		<form-login-config>
			    
			<form-login-page>/login.jsp</form-login-page>
			    
			<form-error-page>/loginFailure.jsp</form-error-page>
			  
		</form-login-config>
	</login-config>

	<error-page>
		<error-code>500</error-code>
		<location>/errorCode_error.jsp</location>
	</error-page>

	<error-page>
		<exception-type>java.lang.Exception</exception-type>
		<location>/exceptionType_error.jsp</location>
	</error-page>


	<filter>
		<filter-name>LoggingFilter</filter-name>
		<filter-class>ch12.com.filter.Logging</filter-class>
	</filter>
	<filter-mapping>
		<filter-name>LoggingFilter</filter-name>
		<url-pattern>/ch12/filter01.jsp</url-pattern>
	</filter-mapping>

	<filter>
		<filter-name>InterceptorFilter</filter-name>
		<filter-class>ch12.com.filter.Interceptor</filter-class>
	</filter>
	<filter-mapping>
		<filter-name>InterceptorFilter</filter-name>
		<url-pattern>/ch12/filter02.jsp</url-pattern>
	</filter-mapping>


	<filter>
		<filter-name>InitParamFilter</filter-name>
		<filter-class>ch12.com.filter.InitParam</filter-class>
		<init-param>
			<param-name>param1</param-name>
			<param-value>admin</param-value>
		</init-param>
		<init-param>
			<param-name>param2</param-name>
			<param-value>1234</param-value>
		</init-param>
	</filter>
	<filter-mapping>
		<filter-name>InitParamFilter</filter-name>
		<url-pattern>/ch12/filter03.jsp</url-pattern>
	</filter-mapping>


</web-app>